"url_report","flu_season","influenza_viruses","age_group","number_detections_influenza_viruses"
"https://github.com/fbranda/influnet/blob/main/flu-season/2024-2025/influnet_report/influnet-vir/influnet-vir-2024-2025_1.pdf","2024-2025","Influenza","<2",2
"https://github.com/fbranda/influnet/blob/main/flu-season/2024-2025/influnet_report/influnet-vir/influnet-vir-2024-2025_1.pdf","2024-2025","Influenza","2_4",2
"https://github.com/fbranda/influnet/blob/main/flu-season/2024-2025/influnet_report/influnet-vir/influnet-vir-2024-2025_1.pdf","2024-2025","Influenza","5_14",2
"https://github.com/fbranda/influnet/blob/main/flu-season/2024-2025/influnet_report/influnet-vir/influnet-vir-2024-2025_1.pdf","2024-2025","Influenza","15_44",2
"https://github.com/fbranda/influnet/blob/main/flu-season/2024-2025/influnet_report/influnet-vir/influnet-vir-2024-2025_1.pdf","2024-2025","Influenza","45_64",4
"https://github.com/fbranda/influnet/blob/main/flu-season/2024-2025/influnet_report/influnet-vir/influnet-vir-2024-2025_1.pdf","2024-2025","Influenza",">65",4
"https://github.com/fbranda/influnet/blob/main/flu-season/2024-2025/influnet_report/influnet-vir/influnet-vir-2024-2025_1.pdf","2024-2025","RSV","<2",9
"https://github.com/fbranda/influnet/blob/main/flu-season/2024-2025/influnet_report/influnet-vir/influnet-vir-2024-2025_1.pdf","2024-2025","RSV","2_4",0
"https://github.com/fbranda/influnet/blob/main/flu-season/2024-2025/influnet_report/influnet-vir/influnet-vir-2024-2025_1.pdf","2024-2025","RSV","5_14",1
"https://github.com/fbranda/influnet/blob/main/flu-season/2024-2025/influnet_report/influnet-vir/influnet-vir-2024-2025_1.pdf","2024-2025","RSV","15_44",1
"https://github.com/fbranda/influnet/blob/main/flu-season/2024-2025/influnet_report/influnet-vir/influnet-vir-2024-2025_1.pdf","2024-2025","RSV","45_64",0
"https://github.com/fbranda/influnet/blob/main/flu-season/2024-2025/influnet_report/influnet-vir/influnet-vir-2024-2025_1.pdf","2024-2025","RSV",">65",0
"https://github.com/fbranda/influnet/blob/main/flu-season/2024-2025/influnet_report/influnet-vir/influnet-vir-2024-2025_1.pdf","2024-2025","Rhinovirus","<2",32
"https://github.com/fbranda/influnet/blob/main/flu-season/2024-2025/influnet_report/influnet-vir/influnet-vir-2024-2025_1.pdf","2024-2025","Rhinovirus","2_4",23
"https://github.com/fbranda/influnet/blob/main/flu-season/2024-2025/influnet_report/influnet-vir/influnet-vir-2024-2025_1.pdf","2024-2025","Rhinovirus","5_14",23
"https://github.com/fbranda/influnet/blob/main/flu-season/2024-2025/influnet_report/influnet-vir/influnet-vir-2024-2025_1.pdf","2024-2025","Rhinovirus","15_44",22
"https://github.com/fbranda/influnet/blob/main/flu-season/2024-2025/influnet_report/influnet-vir/influnet-vir-2024-2025_1.pdf","2024-2025","Rhinovirus","45_64",16
"https://github.com/fbranda/influnet/blob/main/flu-season/2024-2025/influnet_report/influnet-vir/influnet-vir-2024-2025_1.pdf","2024-2025","Rhinovirus",">65",42
"https://github.com/fbranda/influnet/blob/main/flu-season/2024-2025/influnet_report/influnet-vir/influnet-vir-2024-2025_1.pdf","2024-2025","SARS-CoV-2","<2",4
"https://github.com/fbranda/influnet/blob/main/flu-season/2024-2025/influnet_report/influnet-vir/influnet-vir-2024-2025_1.pdf","2024-2025","SARS-CoV-2","2_4",0
"https://github.com/fbranda/influnet/blob/main/flu-season/2024-2025/influnet_report/influnet-vir/influnet-vir-2024-2025_1.pdf","2024-2025","SARS-CoV-2","5_14",2
"https://github.com/fbranda/influnet/blob/main/flu-season/2024-2025/influnet_report/influnet-vir/influnet-vir-2024-2025_1.pdf","2024-2025","SARS-CoV-2","15_44",1
"https://github.com/fbranda/influnet/blob/main/flu-season/2024-2025/influnet_report/influnet-vir/influnet-vir-2024-2025_1.pdf","2024-2025","SARS-CoV-2","45_64",7
"https://github.com/fbranda/influnet/blob/main/flu-season/2024-2025/influnet_report/influnet-vir/influnet-vir-2024-2025_1.pdf","2024-2025","SARS-CoV-2",">65",13
"https://github.com/fbranda/influnet/blob/main/flu-season/2024-2025/influnet_report/influnet-vir/influnet-vir-2024-2025_1.pdf","2024-2025","Altro","<2",11
"https://github.com/fbranda/influnet/blob/main/flu-season/2024-2025/influnet_report/influnet-vir/influnet-vir-2024-2025_1.pdf","2024-2025","Altro","2_4",13
"https://github.com/fbranda/influnet/blob/main/flu-season/2024-2025/influnet_report/influnet-vir/influnet-vir-2024-2025_1.pdf","2024-2025","Altro","5_14",12
"https://github.com/fbranda/influnet/blob/main/flu-season/2024-2025/influnet_report/influnet-vir/influnet-vir-2024-2025_1.pdf","2024-2025","Altro","15_44",6
"https://github.com/fbranda/influnet/blob/main/flu-season/2024-2025/influnet_report/influnet-vir/influnet-vir-2024-2025_1.pdf","2024-2025","Altro","45_64",5
"https://github.com/fbranda/influnet/blob/main/flu-season/2024-2025/influnet_report/influnet-vir/influnet-vir-2024-2025_1.pdf","2024-2025","Altro",">65",7
"https://github.com/fbranda/influnet/blob/main/flu-season/2024-2025/influnet_report/influnet-vir/influnet-vir-2024-2025_1.pdf","2024-2025","Coinfezione","<2",14
"https://github.com/fbranda/influnet/blob/main/flu-season/2024-2025/influnet_report/influnet-vir/influnet-vir-2024-2025_1.pdf","2024-2025","Coinfezione","2_4",8
"https://github.com/fbranda/influnet/blob/main/flu-season/2024-2025/influnet_report/influnet-vir/influnet-vir-2024-2025_1.pdf","2024-2025","Coinfezione","5_14",5
"https://github.com/fbranda/influnet/blob/main/flu-season/2024-2025/influnet_report/influnet-vir/influnet-vir-2024-2025_1.pdf","2024-2025","Coinfezione","15_44",2
"https://github.com/fbranda/influnet/blob/main/flu-season/2024-2025/influnet_report/influnet-vir/influnet-vir-2024-2025_1.pdf","2024-2025","Coinfezione","45_64",1
"https://github.com/fbranda/influnet/blob/main/flu-season/2024-2025/influnet_report/influnet-vir/influnet-vir-2024-2025_1.pdf","2024-2025","Coinfezione",">65",2
"https://github.com/fbranda/influnet/blob/main/flu-season/2024-2025/influnet_report/influnet-vir/influnet-vir-2024-2025_2.pdf","2024-2025","Influenza","<2",4
"https://github.com/fbranda/influnet/blob/main/flu-season/2024-2025/influnet_report/influnet-vir/influnet-vir-2024-2025_2.pdf","2024-2025","Influenza","2_4",4
"https://github.com/fbranda/influnet/blob/main/flu-season/2024-2025/influnet_report/influnet-vir/influnet-vir-2024-2025_2.pdf","2024-2025","Influenza","5_14",4
"https://github.com/fbranda/influnet/blob/main/flu-season/2024-2025/influnet_report/influnet-vir/influnet-vir-2024-2025_2.pdf","2024-2025","Influenza","15_44",4
"https://github.com/fbranda/influnet/blob/main/flu-season/2024-2025/influnet_report/influnet-vir/influnet-vir-2024-2025_2.pdf","2024-2025","Influenza","45_64",7
"https://github.com/fbranda/influnet/blob/main/flu-season/2024-2025/influnet_report/influnet-vir/influnet-vir-2024-2025_2.pdf","2024-2025","Influenza",">65",11
"https://github.com/fbranda/influnet/blob/main/flu-season/2024-2025/influnet_report/influnet-vir/influnet-vir-2024-2025_2.pdf","2024-2025","RSV","<2",14
"https://github.com/fbranda/influnet/blob/main/flu-season/2024-2025/influnet_report/influnet-vir/influnet-vir-2024-2025_2.pdf","2024-2025","RSV","2_4",1
"https://github.com/fbranda/influnet/blob/main/flu-season/2024-2025/influnet_report/influnet-vir/influnet-vir-2024-2025_2.pdf","2024-2025","RSV","5_14",1
"https://github.com/fbranda/influnet/blob/main/flu-season/2024-2025/influnet_report/influnet-vir/influnet-vir-2024-2025_2.pdf","2024-2025","RSV","15_44",2
"https://github.com/fbranda/influnet/blob/main/flu-season/2024-2025/influnet_report/influnet-vir/influnet-vir-2024-2025_2.pdf","2024-2025","RSV","45_64",1
"https://github.com/fbranda/influnet/blob/main/flu-season/2024-2025/influnet_report/influnet-vir/influnet-vir-2024-2025_2.pdf","2024-2025","RSV",">65",2
"https://github.com/fbranda/influnet/blob/main/flu-season/2024-2025/influnet_report/influnet-vir/influnet-vir-2024-2025_2.pdf","2024-2025","Rhinovirus","<2",63
"https://github.com/fbranda/influnet/blob/main/flu-season/2024-2025/influnet_report/influnet-vir/influnet-vir-2024-2025_2.pdf","2024-2025","Rhinovirus","2_4",48
"https://github.com/fbranda/influnet/blob/main/flu-season/2024-2025/influnet_report/influnet-vir/influnet-vir-2024-2025_2.pdf","2024-2025","Rhinovirus","5_14",49
"https://github.com/fbranda/influnet/blob/main/flu-season/2024-2025/influnet_report/influnet-vir/influnet-vir-2024-2025_2.pdf","2024-2025","Rhinovirus","15_44",40
"https://github.com/fbranda/influnet/blob/main/flu-season/2024-2025/influnet_report/influnet-vir/influnet-vir-2024-2025_2.pdf","2024-2025","Rhinovirus","45_64",34
"https://github.com/fbranda/influnet/blob/main/flu-season/2024-2025/influnet_report/influnet-vir/influnet-vir-2024-2025_2.pdf","2024-2025","Rhinovirus",">65",65
"https://github.com/fbranda/influnet/blob/main/flu-season/2024-2025/influnet_report/influnet-vir/influnet-vir-2024-2025_2.pdf","2024-2025","SARS-CoV-2","<2",7
"https://github.com/fbranda/influnet/blob/main/flu-season/2024-2025/influnet_report/influnet-vir/influnet-vir-2024-2025_2.pdf","2024-2025","SARS-CoV-2","2_4",0
"https://github.com/fbranda/influnet/blob/main/flu-season/2024-2025/influnet_report/influnet-vir/influnet-vir-2024-2025_2.pdf","2024-2025","SARS-CoV-2","5_14",4
"https://github.com/fbranda/influnet/blob/main/flu-season/2024-2025/influnet_report/influnet-vir/influnet-vir-2024-2025_2.pdf","2024-2025","SARS-CoV-2","15_44",8
"https://github.com/fbranda/influnet/blob/main/flu-season/2024-2025/influnet_report/influnet-vir/influnet-vir-2024-2025_2.pdf","2024-2025","SARS-CoV-2","45_64",12
"https://github.com/fbranda/influnet/blob/main/flu-season/2024-2025/influnet_report/influnet-vir/influnet-vir-2024-2025_2.pdf","2024-2025","SARS-CoV-2",">65",38
"https://github.com/fbranda/influnet/blob/main/flu-season/2024-2025/influnet_report/influnet-vir/influnet-vir-2024-2025_2.pdf","2024-2025","Altro","<2",24
"https://github.com/fbranda/influnet/blob/main/flu-season/2024-2025/influnet_report/influnet-vir/influnet-vir-2024-2025_2.pdf","2024-2025","Altro","2_4",26
"https://github.com/fbranda/influnet/blob/main/flu-season/2024-2025/influnet_report/influnet-vir/influnet-vir-2024-2025_2.pdf","2024-2025","Altro","5_14",22
"https://github.com/fbranda/influnet/blob/main/flu-season/2024-2025/influnet_report/influnet-vir/influnet-vir-2024-2025_2.pdf","2024-2025","Altro","15_44",11
"https://github.com/fbranda/influnet/blob/main/flu-season/2024-2025/influnet_report/influnet-vir/influnet-vir-2024-2025_2.pdf","2024-2025","Altro","45_64",14
"https://github.com/fbranda/influnet/blob/main/flu-season/2024-2025/influnet_report/influnet-vir/influnet-vir-2024-2025_2.pdf","2024-2025","Altro",">65",18
"https://github.com/fbranda/influnet/blob/main/flu-season/2024-2025/influnet_report/influnet-vir/influnet-vir-2024-2025_2.pdf","2024-2025","Coinfezione","<2",32
"https://github.com/fbranda/influnet/blob/main/flu-season/2024-2025/influnet_report/influnet-vir/influnet-vir-2024-2025_2.pdf","2024-2025","Coinfezione","2_4",17
"https://github.com/fbranda/influnet/blob/main/flu-season/2024-2025/influnet_report/influnet-vir/influnet-vir-2024-2025_2.pdf","2024-2025","Coinfezione","5_14",11
"https://github.com/fbranda/influnet/blob/main/flu-season/2024-2025/influnet_report/influnet-vir/influnet-vir-2024-2025_2.pdf","2024-2025","Coinfezione","15_44",5
"https://github.com/fbranda/influnet/blob/main/flu-season/2024-2025/influnet_report/influnet-vir/influnet-vir-2024-2025_2.pdf","2024-2025","Coinfezione","45_64",3
"https://github.com/fbranda/influnet/blob/main/flu-season/2024-2025/influnet_report/influnet-vir/influnet-vir-2024-2025_2.pdf","2024-2025","Coinfezione",">65",5
"https://github.com/fbranda/influnet/blob/main/flu-season/2024-2025/influnet_report/influnet-vir/influnet-vir-2024-2025_3.pdf","2024-2025","Influenza","<2",10
"https://github.com/fbranda/influnet/blob/main/flu-season/2024-2025/influnet_report/influnet-vir/influnet-vir-2024-2025_3.pdf","2024-2025","Influenza","2_4",7
"https://github.com/fbranda/influnet/blob/main/flu-season/2024-2025/influnet_report/influnet-vir/influnet-vir-2024-2025_3.pdf","2024-2025","Influenza","5_14",14
"https://github.com/fbranda/influnet/blob/main/flu-season/2024-2025/influnet_report/influnet-vir/influnet-vir-2024-2025_3.pdf","2024-2025","Influenza","15_44",12
"https://github.com/fbranda/influnet/blob/main/flu-season/2024-2025/influnet_report/influnet-vir/influnet-vir-2024-2025_3.pdf","2024-2025","Influenza","45_64",13
"https://github.com/fbranda/influnet/blob/main/flu-season/2024-2025/influnet_report/influnet-vir/influnet-vir-2024-2025_3.pdf","2024-2025","Influenza",">65",14
"https://github.com/fbranda/influnet/blob/main/flu-season/2024-2025/influnet_report/influnet-vir/influnet-vir-2024-2025_3.pdf","2024-2025","RSV","<2",32
"https://github.com/fbranda/influnet/blob/main/flu-season/2024-2025/influnet_report/influnet-vir/influnet-vir-2024-2025_3.pdf","2024-2025","RSV","2_4",13
"https://github.com/fbranda/influnet/blob/main/flu-season/2024-2025/influnet_report/influnet-vir/influnet-vir-2024-2025_3.pdf","2024-2025","RSV","5_14",4
"https://github.com/fbranda/influnet/blob/main/flu-season/2024-2025/influnet_report/influnet-vir/influnet-vir-2024-2025_3.pdf","2024-2025","RSV","15_44",2
"https://github.com/fbranda/influnet/blob/main/flu-season/2024-2025/influnet_report/influnet-vir/influnet-vir-2024-2025_3.pdf","2024-2025","RSV","45_64",2
"https://github.com/fbranda/influnet/blob/main/flu-season/2024-2025/influnet_report/influnet-vir/influnet-vir-2024-2025_3.pdf","2024-2025","RSV",">65",4
"https://github.com/fbranda/influnet/blob/main/flu-season/2024-2025/influnet_report/influnet-vir/influnet-vir-2024-2025_3.pdf","2024-2025","Rhinovirus","<2",122
"https://github.com/fbranda/influnet/blob/main/flu-season/2024-2025/influnet_report/influnet-vir/influnet-vir-2024-2025_3.pdf","2024-2025","Rhinovirus","2_4",74
"https://github.com/fbranda/influnet/blob/main/flu-season/2024-2025/influnet_report/influnet-vir/influnet-vir-2024-2025_3.pdf","2024-2025","Rhinovirus","5_14",83
"https://github.com/fbranda/influnet/blob/main/flu-season/2024-2025/influnet_report/influnet-vir/influnet-vir-2024-2025_3.pdf","2024-2025","Rhinovirus","15_44",73
"https://github.com/fbranda/influnet/blob/main/flu-season/2024-2025/influnet_report/influnet-vir/influnet-vir-2024-2025_3.pdf","2024-2025","Rhinovirus","45_64",70
"https://github.com/fbranda/influnet/blob/main/flu-season/2024-2025/influnet_report/influnet-vir/influnet-vir-2024-2025_3.pdf","2024-2025","Rhinovirus",">65",129
"https://github.com/fbranda/influnet/blob/main/flu-season/2024-2025/influnet_report/influnet-vir/influnet-vir-2024-2025_3.pdf","2024-2025","SARS-CoV-2","<2",11
"https://github.com/fbranda/influnet/blob/main/flu-season/2024-2025/influnet_report/influnet-vir/influnet-vir-2024-2025_3.pdf","2024-2025","SARS-CoV-2","2_4",0
"https://github.com/fbranda/influnet/blob/main/flu-season/2024-2025/influnet_report/influnet-vir/influnet-vir-2024-2025_3.pdf","2024-2025","SARS-CoV-2","5_14",6
"https://github.com/fbranda/influnet/blob/main/flu-season/2024-2025/influnet_report/influnet-vir/influnet-vir-2024-2025_3.pdf","2024-2025","SARS-CoV-2","15_44",16
"https://github.com/fbranda/influnet/blob/main/flu-season/2024-2025/influnet_report/influnet-vir/influnet-vir-2024-2025_3.pdf","2024-2025","SARS-CoV-2","45_64",27
"https://github.com/fbranda/influnet/blob/main/flu-season/2024-2025/influnet_report/influnet-vir/influnet-vir-2024-2025_3.pdf","2024-2025","SARS-CoV-2",">65",65
"https://github.com/fbranda/influnet/blob/main/flu-season/2024-2025/influnet_report/influnet-vir/influnet-vir-2024-2025_3.pdf","2024-2025","Altro","<2",49
"https://github.com/fbranda/influnet/blob/main/flu-season/2024-2025/influnet_report/influnet-vir/influnet-vir-2024-2025_3.pdf","2024-2025","Altro","2_4",45
"https://github.com/fbranda/influnet/blob/main/flu-season/2024-2025/influnet_report/influnet-vir/influnet-vir-2024-2025_3.pdf","2024-2025","Altro","5_14",45
"https://github.com/fbranda/influnet/blob/main/flu-season/2024-2025/influnet_report/influnet-vir/influnet-vir-2024-2025_3.pdf","2024-2025","Altro","15_44",17
"https://github.com/fbranda/influnet/blob/main/flu-season/2024-2025/influnet_report/influnet-vir/influnet-vir-2024-2025_3.pdf","2024-2025","Altro","45_64",26
"https://github.com/fbranda/influnet/blob/main/flu-season/2024-2025/influnet_report/influnet-vir/influnet-vir-2024-2025_3.pdf","2024-2025","Altro",">65",41
"https://github.com/fbranda/influnet/blob/main/flu-season/2024-2025/influnet_report/influnet-vir/influnet-vir-2024-2025_3.pdf","2024-2025","Coinfezione","<2",66
"https://github.com/fbranda/influnet/blob/main/flu-season/2024-2025/influnet_report/influnet-vir/influnet-vir-2024-2025_3.pdf","2024-2025","Coinfezione","2_4",42
"https://github.com/fbranda/influnet/blob/main/flu-season/2024-2025/influnet_report/influnet-vir/influnet-vir-2024-2025_3.pdf","2024-2025","Coinfezione","5_14",17
"https://github.com/fbranda/influnet/blob/main/flu-season/2024-2025/influnet_report/influnet-vir/influnet-vir-2024-2025_3.pdf","2024-2025","Coinfezione","15_44",6
"https://github.com/fbranda/influnet/blob/main/flu-season/2024-2025/influnet_report/influnet-vir/influnet-vir-2024-2025_3.pdf","2024-2025","Coinfezione","45_64",4
"https://github.com/fbranda/influnet/blob/main/flu-season/2024-2025/influnet_report/influnet-vir/influnet-vir-2024-2025_3.pdf","2024-2025","Coinfezione",">65",6
"https://github.com/fbranda/influnet/blob/main/flu-season/2024-2025/influnet_report/influnet-vir/influnet-vir-2024-2025_4.pdf","2024-2025","Influenza","<2",14
"https://github.com/fbranda/influnet/blob/main/flu-season/2024-2025/influnet_report/influnet-vir/influnet-vir-2024-2025_4.pdf","2024-2025","Influenza","2_4",15
"https://github.com/fbranda/influnet/blob/main/flu-season/2024-2025/influnet_report/influnet-vir/influnet-vir-2024-2025_4.pdf","2024-2025","Influenza","5_14",26
"https://github.com/fbranda/influnet/blob/main/flu-season/2024-2025/influnet_report/influnet-vir/influnet-vir-2024-2025_4.pdf","2024-2025","Influenza","15_44",25
"https://github.com/fbranda/influnet/blob/main/flu-season/2024-2025/influnet_report/influnet-vir/influnet-vir-2024-2025_4.pdf","2024-2025","Influenza","45_64",23
"https://github.com/fbranda/influnet/blob/main/flu-season/2024-2025/influnet_report/influnet-vir/influnet-vir-2024-2025_4.pdf","2024-2025","Influenza",">65",35
"https://github.com/fbranda/influnet/blob/main/flu-season/2024-2025/influnet_report/influnet-vir/influnet-vir-2024-2025_4.pdf","2024-2025","RSV","<2",51
"https://github.com/fbranda/influnet/blob/main/flu-season/2024-2025/influnet_report/influnet-vir/influnet-vir-2024-2025_4.pdf","2024-2025","RSV","2_4",28
"https://github.com/fbranda/influnet/blob/main/flu-season/2024-2025/influnet_report/influnet-vir/influnet-vir-2024-2025_4.pdf","2024-2025","RSV","5_14",7
"https://github.com/fbranda/influnet/blob/main/flu-season/2024-2025/influnet_report/influnet-vir/influnet-vir-2024-2025_4.pdf","2024-2025","RSV","15_44",5
"https://github.com/fbranda/influnet/blob/main/flu-season/2024-2025/influnet_report/influnet-vir/influnet-vir-2024-2025_4.pdf","2024-2025","RSV","45_64",4
"https://github.com/fbranda/influnet/blob/main/flu-season/2024-2025/influnet_report/influnet-vir/influnet-vir-2024-2025_4.pdf","2024-2025","RSV",">65",8
"https://github.com/fbranda/influnet/blob/main/flu-season/2024-2025/influnet_report/influnet-vir/influnet-vir-2024-2025_4.pdf","2024-2025","Rhinovirus","<2",175
"https://github.com/fbranda/influnet/blob/main/flu-season/2024-2025/influnet_report/influnet-vir/influnet-vir-2024-2025_4.pdf","2024-2025","Rhinovirus","2_4",92
"https://github.com/fbranda/influnet/blob/main/flu-season/2024-2025/influnet_report/influnet-vir/influnet-vir-2024-2025_4.pdf","2024-2025","Rhinovirus","5_14",120
"https://github.com/fbranda/influnet/blob/main/flu-season/2024-2025/influnet_report/influnet-vir/influnet-vir-2024-2025_4.pdf","2024-2025","Rhinovirus","15_44",111
"https://github.com/fbranda/influnet/blob/main/flu-season/2024-2025/influnet_report/influnet-vir/influnet-vir-2024-2025_4.pdf","2024-2025","Rhinovirus","45_64",108
"https://github.com/fbranda/influnet/blob/main/flu-season/2024-2025/influnet_report/influnet-vir/influnet-vir-2024-2025_4.pdf","2024-2025","Rhinovirus",">65",175
"https://github.com/fbranda/influnet/blob/main/flu-season/2024-2025/influnet_report/influnet-vir/influnet-vir-2024-2025_4.pdf","2024-2025","SARS-CoV-2","<2",22
"https://github.com/fbranda/influnet/blob/main/flu-season/2024-2025/influnet_report/influnet-vir/influnet-vir-2024-2025_4.pdf","2024-2025","SARS-CoV-2","2_4",0
"https://github.com/fbranda/influnet/blob/main/flu-season/2024-2025/influnet_report/influnet-vir/influnet-vir-2024-2025_4.pdf","2024-2025","SARS-CoV-2","5_14",6
"https://github.com/fbranda/influnet/blob/main/flu-season/2024-2025/influnet_report/influnet-vir/influnet-vir-2024-2025_4.pdf","2024-2025","SARS-CoV-2","15_44",22
"https://github.com/fbranda/influnet/blob/main/flu-season/2024-2025/influnet_report/influnet-vir/influnet-vir-2024-2025_4.pdf","2024-2025","SARS-CoV-2","45_64",48
"https://github.com/fbranda/influnet/blob/main/flu-season/2024-2025/influnet_report/influnet-vir/influnet-vir-2024-2025_4.pdf","2024-2025","SARS-CoV-2",">65",100
"https://github.com/fbranda/influnet/blob/main/flu-season/2024-2025/influnet_report/influnet-vir/influnet-vir-2024-2025_4.pdf","2024-2025","Altro","<2",88
"https://github.com/fbranda/influnet/blob/main/flu-season/2024-2025/influnet_report/influnet-vir/influnet-vir-2024-2025_4.pdf","2024-2025","Altro","2_4",63
"https://github.com/fbranda/influnet/blob/main/flu-season/2024-2025/influnet_report/influnet-vir/influnet-vir-2024-2025_4.pdf","2024-2025","Altro","5_14",60
"https://github.com/fbranda/influnet/blob/main/flu-season/2024-2025/influnet_report/influnet-vir/influnet-vir-2024-2025_4.pdf","2024-2025","Altro","15_44",30
"https://github.com/fbranda/influnet/blob/main/flu-season/2024-2025/influnet_report/influnet-vir/influnet-vir-2024-2025_4.pdf","2024-2025","Altro","45_64",46
"https://github.com/fbranda/influnet/blob/main/flu-season/2024-2025/influnet_report/influnet-vir/influnet-vir-2024-2025_4.pdf","2024-2025","Altro",">65",59
"https://github.com/fbranda/influnet/blob/main/flu-season/2024-2025/influnet_report/influnet-vir/influnet-vir-2024-2025_4.pdf","2024-2025","Coinfezione","<2",117
"https://github.com/fbranda/influnet/blob/main/flu-season/2024-2025/influnet_report/influnet-vir/influnet-vir-2024-2025_4.pdf","2024-2025","Coinfezione","2_4",56
"https://github.com/fbranda/influnet/blob/main/flu-season/2024-2025/influnet_report/influnet-vir/influnet-vir-2024-2025_4.pdf","2024-2025","Coinfezione","5_14",24
"https://github.com/fbranda/influnet/blob/main/flu-season/2024-2025/influnet_report/influnet-vir/influnet-vir-2024-2025_4.pdf","2024-2025","Coinfezione","15_44",10
"https://github.com/fbranda/influnet/blob/main/flu-season/2024-2025/influnet_report/influnet-vir/influnet-vir-2024-2025_4.pdf","2024-2025","Coinfezione","45_64",5
"https://github.com/fbranda/influnet/blob/main/flu-season/2024-2025/influnet_report/influnet-vir/influnet-vir-2024-2025_4.pdf","2024-2025","Coinfezione",">65",9
"https://github.com/fbranda/influnet/blob/main/flu-season/2024-2025/influnet_report/influnet-vir/influnet-vir-2024-2025_5.pdf","2024-2025","Influenza","<2",23
"https://github.com/fbranda/influnet/blob/main/flu-season/2024-2025/influnet_report/influnet-vir/influnet-vir-2024-2025_5.pdf","2024-2025","Influenza","2_4",27
"https://github.com/fbranda/influnet/blob/main/flu-season/2024-2025/influnet_report/influnet-vir/influnet-vir-2024-2025_5.pdf","2024-2025","Influenza","5_14",52
"https://github.com/fbranda/influnet/blob/main/flu-season/2024-2025/influnet_report/influnet-vir/influnet-vir-2024-2025_5.pdf","2024-2025","Influenza","15_44",38
"https://github.com/fbranda/influnet/blob/main/flu-season/2024-2025/influnet_report/influnet-vir/influnet-vir-2024-2025_5.pdf","2024-2025","Influenza","45_64",35
"https://github.com/fbranda/influnet/blob/main/flu-season/2024-2025/influnet_report/influnet-vir/influnet-vir-2024-2025_5.pdf","2024-2025","Influenza",">65",51
"https://github.com/fbranda/influnet/blob/main/flu-season/2024-2025/influnet_report/influnet-vir/influnet-vir-2024-2025_5.pdf","2024-2025","RSV","<2",88
"https://github.com/fbranda/influnet/blob/main/flu-season/2024-2025/influnet_report/influnet-vir/influnet-vir-2024-2025_5.pdf","2024-2025","RSV","2_4",48
"https://github.com/fbranda/influnet/blob/main/flu-season/2024-2025/influnet_report/influnet-vir/influnet-vir-2024-2025_5.pdf","2024-2025","RSV","5_14",11
"https://github.com/fbranda/influnet/blob/main/flu-season/2024-2025/influnet_report/influnet-vir/influnet-vir-2024-2025_5.pdf","2024-2025","RSV","15_44",9
"https://github.com/fbranda/influnet/blob/main/flu-season/2024-2025/influnet_report/influnet-vir/influnet-vir-2024-2025_5.pdf","2024-2025","RSV","45_64",16
"https://github.com/fbranda/influnet/blob/main/flu-season/2024-2025/influnet_report/influnet-vir/influnet-vir-2024-2025_5.pdf","2024-2025","RSV",">65",15
"https://github.com/fbranda/influnet/blob/main/flu-season/2024-2025/influnet_report/influnet-vir/influnet-vir-2024-2025_5.pdf","2024-2025","Rhinovirus","<2",219
"https://github.com/fbranda/influnet/blob/main/flu-season/2024-2025/influnet_report/influnet-vir/influnet-vir-2024-2025_5.pdf","2024-2025","Rhinovirus","2_4",113
"https://github.com/fbranda/influnet/blob/main/flu-season/2024-2025/influnet_report/influnet-vir/influnet-vir-2024-2025_5.pdf","2024-2025","Rhinovirus","5_14",155
"https://github.com/fbranda/influnet/blob/main/flu-season/2024-2025/influnet_report/influnet-vir/influnet-vir-2024-2025_5.pdf","2024-2025","Rhinovirus","15_44",139
"https://github.com/fbranda/influnet/blob/main/flu-season/2024-2025/influnet_report/influnet-vir/influnet-vir-2024-2025_5.pdf","2024-2025","Rhinovirus","45_64",132
"https://github.com/fbranda/influnet/blob/main/flu-season/2024-2025/influnet_report/influnet-vir/influnet-vir-2024-2025_5.pdf","2024-2025","Rhinovirus",">65",229
"https://github.com/fbranda/influnet/blob/main/flu-season/2024-2025/influnet_report/influnet-vir/influnet-vir-2024-2025_5.pdf","2024-2025","SARS-CoV-2","<2",25
"https://github.com/fbranda/influnet/blob/main/flu-season/2024-2025/influnet_report/influnet-vir/influnet-vir-2024-2025_5.pdf","2024-2025","SARS-CoV-2","2_4",2
"https://github.com/fbranda/influnet/blob/main/flu-season/2024-2025/influnet_report/influnet-vir/influnet-vir-2024-2025_5.pdf","2024-2025","SARS-CoV-2","5_14",8
"https://github.com/fbranda/influnet/blob/main/flu-season/2024-2025/influnet_report/influnet-vir/influnet-vir-2024-2025_5.pdf","2024-2025","SARS-CoV-2","15_44",30
"https://github.com/fbranda/influnet/blob/main/flu-season/2024-2025/influnet_report/influnet-vir/influnet-vir-2024-2025_5.pdf","2024-2025","SARS-CoV-2","45_64",60
"https://github.com/fbranda/influnet/blob/main/flu-season/2024-2025/influnet_report/influnet-vir/influnet-vir-2024-2025_5.pdf","2024-2025","SARS-CoV-2",">65",135
"https://github.com/fbranda/influnet/blob/main/flu-season/2024-2025/influnet_report/influnet-vir/influnet-vir-2024-2025_5.pdf","2024-2025","Altro","<2",123
"https://github.com/fbranda/influnet/blob/main/flu-season/2024-2025/influnet_report/influnet-vir/influnet-vir-2024-2025_5.pdf","2024-2025","Altro","2_4",84
"https://github.com/fbranda/influnet/blob/main/flu-season/2024-2025/influnet_report/influnet-vir/influnet-vir-2024-2025_5.pdf","2024-2025","Altro","5_14",85
"https://github.com/fbranda/influnet/blob/main/flu-season/2024-2025/influnet_report/influnet-vir/influnet-vir-2024-2025_5.pdf","2024-2025","Altro","15_44",46
"https://github.com/fbranda/influnet/blob/main/flu-season/2024-2025/influnet_report/influnet-vir/influnet-vir-2024-2025_5.pdf","2024-2025","Altro","45_64",52
"https://github.com/fbranda/influnet/blob/main/flu-season/2024-2025/influnet_report/influnet-vir/influnet-vir-2024-2025_5.pdf","2024-2025","Altro",">65",88
"https://github.com/fbranda/influnet/blob/main/flu-season/2024-2025/influnet_report/influnet-vir/influnet-vir-2024-2025_5.pdf","2024-2025","Coinfezione","<2",145
"https://github.com/fbranda/influnet/blob/main/flu-season/2024-2025/influnet_report/influnet-vir/influnet-vir-2024-2025_5.pdf","2024-2025","Coinfezione","2_4",79
"https://github.com/fbranda/influnet/blob/main/flu-season/2024-2025/influnet_report/influnet-vir/influnet-vir-2024-2025_5.pdf","2024-2025","Coinfezione","5_14",31
"https://github.com/fbranda/influnet/blob/main/flu-season/2024-2025/influnet_report/influnet-vir/influnet-vir-2024-2025_5.pdf","2024-2025","Coinfezione","15_44",13
"https://github.com/fbranda/influnet/blob/main/flu-season/2024-2025/influnet_report/influnet-vir/influnet-vir-2024-2025_5.pdf","2024-2025","Coinfezione","45_64",9
"https://github.com/fbranda/influnet/blob/main/flu-season/2024-2025/influnet_report/influnet-vir/influnet-vir-2024-2025_5.pdf","2024-2025","Coinfezione",">65",15
"https://github.com/fbranda/influnet/blob/main/flu-season/2024-2025/influnet_report/influnet-vir/influnet-vir-2024-2025_6.pdf","2024-2025","Influenza","<2",52
"https://github.com/fbranda/influnet/blob/main/flu-season/2024-2025/influnet_report/influnet-vir/influnet-vir-2024-2025_6.pdf","2024-2025","Influenza","2_4",36
"https://github.com/fbranda/influnet/blob/main/flu-season/2024-2025/influnet_report/influnet-vir/influnet-vir-2024-2025_6.pdf","2024-2025","Influenza","5_14",89
"https://github.com/fbranda/influnet/blob/main/flu-season/2024-2025/influnet_report/influnet-vir/influnet-vir-2024-2025_6.pdf","2024-2025","Influenza","15_44",64
"https://github.com/fbranda/influnet/blob/main/flu-season/2024-2025/influnet_report/influnet-vir/influnet-vir-2024-2025_6.pdf","2024-2025","Influenza","45_64",59
"https://github.com/fbranda/influnet/blob/main/flu-season/2024-2025/influnet_report/influnet-vir/influnet-vir-2024-2025_6.pdf","2024-2025","Influenza",">65",66
"https://github.com/fbranda/influnet/blob/main/flu-season/2024-2025/influnet_report/influnet-vir/influnet-vir-2024-2025_6.pdf","2024-2025","RSV","<2",125
"https://github.com/fbranda/influnet/blob/main/flu-season/2024-2025/influnet_report/influnet-vir/influnet-vir-2024-2025_6.pdf","2024-2025","RSV","2_4",61
"https://github.com/fbranda/influnet/blob/main/flu-season/2024-2025/influnet_report/influnet-vir/influnet-vir-2024-2025_6.pdf","2024-2025","RSV","5_14",17
"https://github.com/fbranda/influnet/blob/main/flu-season/2024-2025/influnet_report/influnet-vir/influnet-vir-2024-2025_6.pdf","2024-2025","RSV","15_44",9
"https://github.com/fbranda/influnet/blob/main/flu-season/2024-2025/influnet_report/influnet-vir/influnet-vir-2024-2025_6.pdf","2024-2025","RSV","45_64",19
"https://github.com/fbranda/influnet/blob/main/flu-season/2024-2025/influnet_report/influnet-vir/influnet-vir-2024-2025_6.pdf","2024-2025","RSV",">65",26
"https://github.com/fbranda/influnet/blob/main/flu-season/2024-2025/influnet_report/influnet-vir/influnet-vir-2024-2025_6.pdf","2024-2025","Rhinovirus","<2",283
"https://github.com/fbranda/influnet/blob/main/flu-season/2024-2025/influnet_report/influnet-vir/influnet-vir-2024-2025_6.pdf","2024-2025","Rhinovirus","2_4",148
"https://github.com/fbranda/influnet/blob/main/flu-season/2024-2025/influnet_report/influnet-vir/influnet-vir-2024-2025_6.pdf","2024-2025","Rhinovirus","5_14",187
"https://github.com/fbranda/influnet/blob/main/flu-season/2024-2025/influnet_report/influnet-vir/influnet-vir-2024-2025_6.pdf","2024-2025","Rhinovirus","15_44",174
"https://github.com/fbranda/influnet/blob/main/flu-season/2024-2025/influnet_report/influnet-vir/influnet-vir-2024-2025_6.pdf","2024-2025","Rhinovirus","45_64",152
"https://github.com/fbranda/influnet/blob/main/flu-season/2024-2025/influnet_report/influnet-vir/influnet-vir-2024-2025_6.pdf","2024-2025","Rhinovirus",">65",259
"https://github.com/fbranda/influnet/blob/main/flu-season/2024-2025/influnet_report/influnet-vir/influnet-vir-2024-2025_6.pdf","2024-2025","SARS-CoV-2","<2",31
"https://github.com/fbranda/influnet/blob/main/flu-season/2024-2025/influnet_report/influnet-vir/influnet-vir-2024-2025_6.pdf","2024-2025","SARS-CoV-2","2_4",0
"https://github.com/fbranda/influnet/blob/main/flu-season/2024-2025/influnet_report/influnet-vir/influnet-vir-2024-2025_6.pdf","2024-2025","SARS-CoV-2","5_14",11
"https://github.com/fbranda/influnet/blob/main/flu-season/2024-2025/influnet_report/influnet-vir/influnet-vir-2024-2025_6.pdf","2024-2025","SARS-CoV-2","15_44",36
"https://github.com/fbranda/influnet/blob/main/flu-season/2024-2025/influnet_report/influnet-vir/influnet-vir-2024-2025_6.pdf","2024-2025","SARS-CoV-2","45_64",76
"https://github.com/fbranda/influnet/blob/main/flu-season/2024-2025/influnet_report/influnet-vir/influnet-vir-2024-2025_6.pdf","2024-2025","SARS-CoV-2",">65",159
"https://github.com/fbranda/influnet/blob/main/flu-season/2024-2025/influnet_report/influnet-vir/influnet-vir-2024-2025_6.pdf","2024-2025","Altro","<2",166
"https://github.com/fbranda/influnet/blob/main/flu-season/2024-2025/influnet_report/influnet-vir/influnet-vir-2024-2025_6.pdf","2024-2025","Altro","2_4",106
"https://github.com/fbranda/influnet/blob/main/flu-season/2024-2025/influnet_report/influnet-vir/influnet-vir-2024-2025_6.pdf","2024-2025","Altro","5_14",108
"https://github.com/fbranda/influnet/blob/main/flu-season/2024-2025/influnet_report/influnet-vir/influnet-vir-2024-2025_6.pdf","2024-2025","Altro","15_44",61
"https://github.com/fbranda/influnet/blob/main/flu-season/2024-2025/influnet_report/influnet-vir/influnet-vir-2024-2025_6.pdf","2024-2025","Altro","45_64",64
"https://github.com/fbranda/influnet/blob/main/flu-season/2024-2025/influnet_report/influnet-vir/influnet-vir-2024-2025_6.pdf","2024-2025","Altro",">65",103
"https://github.com/fbranda/influnet/blob/main/flu-season/2024-2025/influnet_report/influnet-vir/influnet-vir-2024-2025_6.pdf","2024-2025","Coinfezione","<2",192
"https://github.com/fbranda/influnet/blob/main/flu-season/2024-2025/influnet_report/influnet-vir/influnet-vir-2024-2025_6.pdf","2024-2025","Coinfezione","2_4",102
"https://github.com/fbranda/influnet/blob/main/flu-season/2024-2025/influnet_report/influnet-vir/influnet-vir-2024-2025_6.pdf","2024-2025","Coinfezione","5_14",46
"https://github.com/fbranda/influnet/blob/main/flu-season/2024-2025/influnet_report/influnet-vir/influnet-vir-2024-2025_6.pdf","2024-2025","Coinfezione","15_44",17
"https://github.com/fbranda/influnet/blob/main/flu-season/2024-2025/influnet_report/influnet-vir/influnet-vir-2024-2025_6.pdf","2024-2025","Coinfezione","45_64",13
"https://github.com/fbranda/influnet/blob/main/flu-season/2024-2025/influnet_report/influnet-vir/influnet-vir-2024-2025_6.pdf","2024-2025","Coinfezione",">65",15
"https://github.com/fbranda/influnet/blob/main/flu-season/2024-2025/influnet_report/influnet-vir/influnet-vir-2024-2025_7.pdf","2024-2025","Influenza","<2",68
"https://github.com/fbranda/influnet/blob/main/flu-season/2024-2025/influnet_report/influnet-vir/influnet-vir-2024-2025_7.pdf","2024-2025","Influenza","2_4",62
"https://github.com/fbranda/influnet/blob/main/flu-season/2024-2025/influnet_report/influnet-vir/influnet-vir-2024-2025_7.pdf","2024-2025","Influenza","5_14",147
"https://github.com/fbranda/influnet/blob/main/flu-season/2024-2025/influnet_report/influnet-vir/influnet-vir-2024-2025_7.pdf","2024-2025","Influenza","15_44",90
"https://github.com/fbranda/influnet/blob/main/flu-season/2024-2025/influnet_report/influnet-vir/influnet-vir-2024-2025_7.pdf","2024-2025","Influenza","45_64",89
"https://github.com/fbranda/influnet/blob/main/flu-season/2024-2025/influnet_report/influnet-vir/influnet-vir-2024-2025_7.pdf","2024-2025","Influenza",">65",109
"https://github.com/fbranda/influnet/blob/main/flu-season/2024-2025/influnet_report/influnet-vir/influnet-vir-2024-2025_7.pdf","2024-2025","RSV","<2",157
"https://github.com/fbranda/influnet/blob/main/flu-season/2024-2025/influnet_report/influnet-vir/influnet-vir-2024-2025_7.pdf","2024-2025","RSV","2_4",88
"https://github.com/fbranda/influnet/blob/main/flu-season/2024-2025/influnet_report/influnet-vir/influnet-vir-2024-2025_7.pdf","2024-2025","RSV","5_14",22
"https://github.com/fbranda/influnet/blob/main/flu-season/2024-2025/influnet_report/influnet-vir/influnet-vir-2024-2025_7.pdf","2024-2025","RSV","15_44",15
"https://github.com/fbranda/influnet/blob/main/flu-season/2024-2025/influnet_report/influnet-vir/influnet-vir-2024-2025_7.pdf","2024-2025","RSV","45_64",26
"https://github.com/fbranda/influnet/blob/main/flu-season/2024-2025/influnet_report/influnet-vir/influnet-vir-2024-2025_7.pdf","2024-2025","RSV",">65",35
"https://github.com/fbranda/influnet/blob/main/flu-season/2024-2025/influnet_report/influnet-vir/influnet-vir-2024-2025_7.pdf","2024-2025","Rhinovirus","<2",316
"https://github.com/fbranda/influnet/blob/main/flu-season/2024-2025/influnet_report/influnet-vir/influnet-vir-2024-2025_7.pdf","2024-2025","Rhinovirus","2_4",170
"https://github.com/fbranda/influnet/blob/main/flu-season/2024-2025/influnet_report/influnet-vir/influnet-vir-2024-2025_7.pdf","2024-2025","Rhinovirus","5_14",208
"https://github.com/fbranda/influnet/blob/main/flu-season/2024-2025/influnet_report/influnet-vir/influnet-vir-2024-2025_7.pdf","2024-2025","Rhinovirus","15_44",196
"https://github.com/fbranda/influnet/blob/main/flu-season/2024-2025/influnet_report/influnet-vir/influnet-vir-2024-2025_7.pdf","2024-2025","Rhinovirus","45_64",179
"https://github.com/fbranda/influnet/blob/main/flu-season/2024-2025/influnet_report/influnet-vir/influnet-vir-2024-2025_7.pdf","2024-2025","Rhinovirus",">65",311
"https://github.com/fbranda/influnet/blob/main/flu-season/2024-2025/influnet_report/influnet-vir/influnet-vir-2024-2025_7.pdf","2024-2025","SARS-CoV-2","<2",34
"https://github.com/fbranda/influnet/blob/main/flu-season/2024-2025/influnet_report/influnet-vir/influnet-vir-2024-2025_7.pdf","2024-2025","SARS-CoV-2","2_4",0
"https://github.com/fbranda/influnet/blob/main/flu-season/2024-2025/influnet_report/influnet-vir/influnet-vir-2024-2025_7.pdf","2024-2025","SARS-CoV-2","5_14",12
"https://github.com/fbranda/influnet/blob/main/flu-season/2024-2025/influnet_report/influnet-vir/influnet-vir-2024-2025_7.pdf","2024-2025","SARS-CoV-2","15_44",38
"https://github.com/fbranda/influnet/blob/main/flu-season/2024-2025/influnet_report/influnet-vir/influnet-vir-2024-2025_7.pdf","2024-2025","SARS-CoV-2","45_64",84
"https://github.com/fbranda/influnet/blob/main/flu-season/2024-2025/influnet_report/influnet-vir/influnet-vir-2024-2025_7.pdf","2024-2025","SARS-CoV-2",">65",173
"https://github.com/fbranda/influnet/blob/main/flu-season/2024-2025/influnet_report/influnet-vir/influnet-vir-2024-2025_7.pdf","2024-2025","Altro","<2",194
"https://github.com/fbranda/influnet/blob/main/flu-season/2024-2025/influnet_report/influnet-vir/influnet-vir-2024-2025_7.pdf","2024-2025","Altro","2_4",123
"https://github.com/fbranda/influnet/blob/main/flu-season/2024-2025/influnet_report/influnet-vir/influnet-vir-2024-2025_7.pdf","2024-2025","Altro","5_14",122
"https://github.com/fbranda/influnet/blob/main/flu-season/2024-2025/influnet_report/influnet-vir/influnet-vir-2024-2025_7.pdf","2024-2025","Altro","15_44",74
"https://github.com/fbranda/influnet/blob/main/flu-season/2024-2025/influnet_report/influnet-vir/influnet-vir-2024-2025_7.pdf","2024-2025","Altro","45_64",72
"https://github.com/fbranda/influnet/blob/main/flu-season/2024-2025/influnet_report/influnet-vir/influnet-vir-2024-2025_7.pdf","2024-2025","Altro",">65",132
"https://github.com/fbranda/influnet/blob/main/flu-season/2024-2025/influnet_report/influnet-vir/influnet-vir-2024-2025_7.pdf","2024-2025","Coinfezione","<2",252
"https://github.com/fbranda/influnet/blob/main/flu-season/2024-2025/influnet_report/influnet-vir/influnet-vir-2024-2025_7.pdf","2024-2025","Coinfezione","2_4",132
"https://github.com/fbranda/influnet/blob/main/flu-season/2024-2025/influnet_report/influnet-vir/influnet-vir-2024-2025_7.pdf","2024-2025","Coinfezione","5_14",57
"https://github.com/fbranda/influnet/blob/main/flu-season/2024-2025/influnet_report/influnet-vir/influnet-vir-2024-2025_7.pdf","2024-2025","Coinfezione","15_44",28
"https://github.com/fbranda/influnet/blob/main/flu-season/2024-2025/influnet_report/influnet-vir/influnet-vir-2024-2025_7.pdf","2024-2025","Coinfezione","45_64",16
"https://github.com/fbranda/influnet/blob/main/flu-season/2024-2025/influnet_report/influnet-vir/influnet-vir-2024-2025_7.pdf","2024-2025","Coinfezione",">65",21
"https://github.com/fbranda/influnet/blob/main/flu-season/2024-2025/influnet_report/influnet-vir/influnet-vir-2024-2025_8.pdf","2024-2025","Influenza","<2",94
"https://github.com/fbranda/influnet/blob/main/flu-season/2024-2025/influnet_report/influnet-vir/influnet-vir-2024-2025_8.pdf","2024-2025","Influenza","2_4",94
"https://github.com/fbranda/influnet/blob/main/flu-season/2024-2025/influnet_report/influnet-vir/influnet-vir-2024-2025_8.pdf","2024-2025","Influenza","5_14",207
"https://github.com/fbranda/influnet/blob/main/flu-season/2024-2025/influnet_report/influnet-vir/influnet-vir-2024-2025_8.pdf","2024-2025","Influenza","15_44",161
"https://github.com/fbranda/influnet/blob/main/flu-season/2024-2025/influnet_report/influnet-vir/influnet-vir-2024-2025_8.pdf","2024-2025","Influenza","45_64",191
"https://github.com/fbranda/influnet/blob/main/flu-season/2024-2025/influnet_report/influnet-vir/influnet-vir-2024-2025_8.pdf","2024-2025","Influenza",">65",298
"https://github.com/fbranda/influnet/blob/main/flu-season/2024-2025/influnet_report/influnet-vir/influnet-vir-2024-2025_8.pdf","2024-2025","RSV","<2",216
"https://github.com/fbranda/influnet/blob/main/flu-season/2024-2025/influnet_report/influnet-vir/influnet-vir-2024-2025_8.pdf","2024-2025","RSV","2_4",126
"https://github.com/fbranda/influnet/blob/main/flu-season/2024-2025/influnet_report/influnet-vir/influnet-vir-2024-2025_8.pdf","2024-2025","RSV","5_14",30
"https://github.com/fbranda/influnet/blob/main/flu-season/2024-2025/influnet_report/influnet-vir/influnet-vir-2024-2025_8.pdf","2024-2025","RSV","15_44",19
"https://github.com/fbranda/influnet/blob/main/flu-season/2024-2025/influnet_report/influnet-vir/influnet-vir-2024-2025_8.pdf","2024-2025","RSV","45_64",33
"https://github.com/fbranda/influnet/blob/main/flu-season/2024-2025/influnet_report/influnet-vir/influnet-vir-2024-2025_8.pdf","2024-2025","RSV",">65",66
"https://github.com/fbranda/influnet/blob/main/flu-season/2024-2025/influnet_report/influnet-vir/influnet-vir-2024-2025_8.pdf","2024-2025","Rhinovirus","<2",351
"https://github.com/fbranda/influnet/blob/main/flu-season/2024-2025/influnet_report/influnet-vir/influnet-vir-2024-2025_8.pdf","2024-2025","Rhinovirus","2_4",186
"https://github.com/fbranda/influnet/blob/main/flu-season/2024-2025/influnet_report/influnet-vir/influnet-vir-2024-2025_8.pdf","2024-2025","Rhinovirus","5_14",221
"https://github.com/fbranda/influnet/blob/main/flu-season/2024-2025/influnet_report/influnet-vir/influnet-vir-2024-2025_8.pdf","2024-2025","Rhinovirus","15_44",214
"https://github.com/fbranda/influnet/blob/main/flu-season/2024-2025/influnet_report/influnet-vir/influnet-vir-2024-2025_8.pdf","2024-2025","Rhinovirus","45_64",206
"https://github.com/fbranda/influnet/blob/main/flu-season/2024-2025/influnet_report/influnet-vir/influnet-vir-2024-2025_8.pdf","2024-2025","Rhinovirus",">65",360
"https://github.com/fbranda/influnet/blob/main/flu-season/2024-2025/influnet_report/influnet-vir/influnet-vir-2024-2025_8.pdf","2024-2025","SARS-CoV-2","<2",37
"https://github.com/fbranda/influnet/blob/main/flu-season/2024-2025/influnet_report/influnet-vir/influnet-vir-2024-2025_8.pdf","2024-2025","SARS-CoV-2","2_4",0
"https://github.com/fbranda/influnet/blob/main/flu-season/2024-2025/influnet_report/influnet-vir/influnet-vir-2024-2025_8.pdf","2024-2025","SARS-CoV-2","5_14",15
"https://github.com/fbranda/influnet/blob/main/flu-season/2024-2025/influnet_report/influnet-vir/influnet-vir-2024-2025_8.pdf","2024-2025","SARS-CoV-2","15_44",44
"https://github.com/fbranda/influnet/blob/main/flu-season/2024-2025/influnet_report/influnet-vir/influnet-vir-2024-2025_8.pdf","2024-2025","SARS-CoV-2","45_64",94
"https://github.com/fbranda/influnet/blob/main/flu-season/2024-2025/influnet_report/influnet-vir/influnet-vir-2024-2025_8.pdf","2024-2025","SARS-CoV-2",">65",216
"https://github.com/fbranda/influnet/blob/main/flu-season/2024-2025/influnet_report/influnet-vir/influnet-vir-2024-2025_8.pdf","2024-2025","Altro","<2",230
"https://github.com/fbranda/influnet/blob/main/flu-season/2024-2025/influnet_report/influnet-vir/influnet-vir-2024-2025_8.pdf","2024-2025","Altro","2_4",143
"https://github.com/fbranda/influnet/blob/main/flu-season/2024-2025/influnet_report/influnet-vir/influnet-vir-2024-2025_8.pdf","2024-2025","Altro","5_14",142
"https://github.com/fbranda/influnet/blob/main/flu-season/2024-2025/influnet_report/influnet-vir/influnet-vir-2024-2025_8.pdf","2024-2025","Altro","15_44",89
"https://github.com/fbranda/influnet/blob/main/flu-season/2024-2025/influnet_report/influnet-vir/influnet-vir-2024-2025_8.pdf","2024-2025","Altro","45_64",85
"https://github.com/fbranda/influnet/blob/main/flu-season/2024-2025/influnet_report/influnet-vir/influnet-vir-2024-2025_8.pdf","2024-2025","Altro",">65",157
"https://github.com/fbranda/influnet/blob/main/flu-season/2024-2025/influnet_report/influnet-vir/influnet-vir-2024-2025_8.pdf","2024-2025","Coinfezione","<2",302
"https://github.com/fbranda/influnet/blob/main/flu-season/2024-2025/influnet_report/influnet-vir/influnet-vir-2024-2025_8.pdf","2024-2025","Coinfezione","2_4",155
"https://github.com/fbranda/influnet/blob/main/flu-season/2024-2025/influnet_report/influnet-vir/influnet-vir-2024-2025_8.pdf","2024-2025","Coinfezione","5_14",64
"https://github.com/fbranda/influnet/blob/main/flu-season/2024-2025/influnet_report/influnet-vir/influnet-vir-2024-2025_8.pdf","2024-2025","Coinfezione","15_44",34
"https://github.com/fbranda/influnet/blob/main/flu-season/2024-2025/influnet_report/influnet-vir/influnet-vir-2024-2025_8.pdf","2024-2025","Coinfezione","45_64",22
"https://github.com/fbranda/influnet/blob/main/flu-season/2024-2025/influnet_report/influnet-vir/influnet-vir-2024-2025_8.pdf","2024-2025","Coinfezione",">65",39
"https://github.com/fbranda/influnet/blob/main/flu-season/2024-2025/influnet_report/influnet-vir/influnet-vir-2024-2025_9.pdf","2024-2025","Influenza","<2",192
"https://github.com/fbranda/influnet/blob/main/flu-season/2024-2025/influnet_report/influnet-vir/influnet-vir-2024-2025_9.pdf","2024-2025","Influenza","2_4",203
"https://github.com/fbranda/influnet/blob/main/flu-season/2024-2025/influnet_report/influnet-vir/influnet-vir-2024-2025_9.pdf","2024-2025","Influenza","5_14",352
"https://github.com/fbranda/influnet/blob/main/flu-season/2024-2025/influnet_report/influnet-vir/influnet-vir-2024-2025_9.pdf","2024-2025","Influenza","15_44",318
"https://github.com/fbranda/influnet/blob/main/flu-season/2024-2025/influnet_report/influnet-vir/influnet-vir-2024-2025_9.pdf","2024-2025","Influenza","45_64",357
"https://github.com/fbranda/influnet/blob/main/flu-season/2024-2025/influnet_report/influnet-vir/influnet-vir-2024-2025_9.pdf","2024-2025","Influenza",">65",651
"https://github.com/fbranda/influnet/blob/main/flu-season/2024-2025/influnet_report/influnet-vir/influnet-vir-2024-2025_9.pdf","2024-2025","RSV","<2",371
"https://github.com/fbranda/influnet/blob/main/flu-season/2024-2025/influnet_report/influnet-vir/influnet-vir-2024-2025_9.pdf","2024-2025","RSV","2_4",178
"https://github.com/fbranda/influnet/blob/main/flu-season/2024-2025/influnet_report/influnet-vir/influnet-vir-2024-2025_9.pdf","2024-2025","RSV","5_14",49
"https://github.com/fbranda/influnet/blob/main/flu-season/2024-2025/influnet_report/influnet-vir/influnet-vir-2024-2025_9.pdf","2024-2025","RSV","15_44",31
"https://github.com/fbranda/influnet/blob/main/flu-season/2024-2025/influnet_report/influnet-vir/influnet-vir-2024-2025_9.pdf","2024-2025","RSV","45_64",46
"https://github.com/fbranda/influnet/blob/main/flu-season/2024-2025/influnet_report/influnet-vir/influnet-vir-2024-2025_9.pdf","2024-2025","RSV",">65",132
"https://github.com/fbranda/influnet/blob/main/flu-season/2024-2025/influnet_report/influnet-vir/influnet-vir-2024-2025_9.pdf","2024-2025","Rhinovirus","<2",377
"https://github.com/fbranda/influnet/blob/main/flu-season/2024-2025/influnet_report/influnet-vir/influnet-vir-2024-2025_9.pdf","2024-2025","Rhinovirus","2_4",195
"https://github.com/fbranda/influnet/blob/main/flu-season/2024-2025/influnet_report/influnet-vir/influnet-vir-2024-2025_9.pdf","2024-2025","Rhinovirus","5_14",251
"https://github.com/fbranda/influnet/blob/main/flu-season/2024-2025/influnet_report/influnet-vir/influnet-vir-2024-2025_9.pdf","2024-2025","Rhinovirus","15_44",220
"https://github.com/fbranda/influnet/blob/main/flu-season/2024-2025/influnet_report/influnet-vir/influnet-vir-2024-2025_9.pdf","2024-2025","Rhinovirus","45_64",237
"https://github.com/fbranda/influnet/blob/main/flu-season/2024-2025/influnet_report/influnet-vir/influnet-vir-2024-2025_9.pdf","2024-2025","Rhinovirus",">65",443
"https://github.com/fbranda/influnet/blob/main/flu-season/2024-2025/influnet_report/influnet-vir/influnet-vir-2024-2025_9.pdf","2024-2025","SARS-CoV-2","<2",45
"https://github.com/fbranda/influnet/blob/main/flu-season/2024-2025/influnet_report/influnet-vir/influnet-vir-2024-2025_9.pdf","2024-2025","SARS-CoV-2","2_4",5
"https://github.com/fbranda/influnet/blob/main/flu-season/2024-2025/influnet_report/influnet-vir/influnet-vir-2024-2025_9.pdf","2024-2025","SARS-CoV-2","5_14",17
"https://github.com/fbranda/influnet/blob/main/flu-season/2024-2025/influnet_report/influnet-vir/influnet-vir-2024-2025_9.pdf","2024-2025","SARS-CoV-2","15_44",57
"https://github.com/fbranda/influnet/blob/main/flu-season/2024-2025/influnet_report/influnet-vir/influnet-vir-2024-2025_9.pdf","2024-2025","SARS-CoV-2","45_64",128
"https://github.com/fbranda/influnet/blob/main/flu-season/2024-2025/influnet_report/influnet-vir/influnet-vir-2024-2025_9.pdf","2024-2025","SARS-CoV-2",">65",342
"https://github.com/fbranda/influnet/blob/main/flu-season/2024-2025/influnet_report/influnet-vir/influnet-vir-2024-2025_9.pdf","2024-2025","Altro","<2",294
"https://github.com/fbranda/influnet/blob/main/flu-season/2024-2025/influnet_report/influnet-vir/influnet-vir-2024-2025_9.pdf","2024-2025","Altro","2_4",175
"https://github.com/fbranda/influnet/blob/main/flu-season/2024-2025/influnet_report/influnet-vir/influnet-vir-2024-2025_9.pdf","2024-2025","Altro","5_14",178
"https://github.com/fbranda/influnet/blob/main/flu-season/2024-2025/influnet_report/influnet-vir/influnet-vir-2024-2025_9.pdf","2024-2025","Altro","15_44",108
"https://github.com/fbranda/influnet/blob/main/flu-season/2024-2025/influnet_report/influnet-vir/influnet-vir-2024-2025_9.pdf","2024-2025","Altro","45_64",111
"https://github.com/fbranda/influnet/blob/main/flu-season/2024-2025/influnet_report/influnet-vir/influnet-vir-2024-2025_9.pdf","2024-2025","Altro",">65",218
"https://github.com/fbranda/influnet/blob/main/flu-season/2024-2025/influnet_report/influnet-vir/influnet-vir-2024-2025_9.pdf","2024-2025","Coinfezione","<2",380
"https://github.com/fbranda/influnet/blob/main/flu-season/2024-2025/influnet_report/influnet-vir/influnet-vir-2024-2025_9.pdf","2024-2025","Coinfezione","2_4",189
"https://github.com/fbranda/influnet/blob/main/flu-season/2024-2025/influnet_report/influnet-vir/influnet-vir-2024-2025_9.pdf","2024-2025","Coinfezione","5_14",97
"https://github.com/fbranda/influnet/blob/main/flu-season/2024-2025/influnet_report/influnet-vir/influnet-vir-2024-2025_9.pdf","2024-2025","Coinfezione","15_44",51
"https://github.com/fbranda/influnet/blob/main/flu-season/2024-2025/influnet_report/influnet-vir/influnet-vir-2024-2025_9.pdf","2024-2025","Coinfezione","45_64",46
"https://github.com/fbranda/influnet/blob/main/flu-season/2024-2025/influnet_report/influnet-vir/influnet-vir-2024-2025_9.pdf","2024-2025","Coinfezione",">65",75
"https://github.com/fbranda/influnet/blob/main/flu-season/2024-2025/influnet_report/influnet-vir/influnet-vir-2024-2025_10.pdf","2024-2025","Influenza","<2",291
"https://github.com/fbranda/influnet/blob/main/flu-season/2024-2025/influnet_report/influnet-vir/influnet-vir-2024-2025_10.pdf","2024-2025","Influenza","2_4",354
"https://github.com/fbranda/influnet/blob/main/flu-season/2024-2025/influnet_report/influnet-vir/influnet-vir-2024-2025_10.pdf","2024-2025","Influenza","5_14",587
"https://github.com/fbranda/influnet/blob/main/flu-season/2024-2025/influnet_report/influnet-vir/influnet-vir-2024-2025_10.pdf","2024-2025","Influenza","15_44",463
"https://github.com/fbranda/influnet/blob/main/flu-season/2024-2025/influnet_report/influnet-vir/influnet-vir-2024-2025_10.pdf","2024-2025","Influenza","45_64",515
"https://github.com/fbranda/influnet/blob/main/flu-season/2024-2025/influnet_report/influnet-vir/influnet-vir-2024-2025_10.pdf","2024-2025","Influenza",">65",930
"https://github.com/fbranda/influnet/blob/main/flu-season/2024-2025/influnet_report/influnet-vir/influnet-vir-2024-2025_10.pdf","2024-2025","RSV","<2",445
"https://github.com/fbranda/influnet/blob/main/flu-season/2024-2025/influnet_report/influnet-vir/influnet-vir-2024-2025_10.pdf","2024-2025","RSV","2_4",217
"https://github.com/fbranda/influnet/blob/main/flu-season/2024-2025/influnet_report/influnet-vir/influnet-vir-2024-2025_10.pdf","2024-2025","RSV","5_14",61
"https://github.com/fbranda/influnet/blob/main/flu-season/2024-2025/influnet_report/influnet-vir/influnet-vir-2024-2025_10.pdf","2024-2025","RSV","15_44",38
"https://github.com/fbranda/influnet/blob/main/flu-season/2024-2025/influnet_report/influnet-vir/influnet-vir-2024-2025_10.pdf","2024-2025","RSV","45_64",59
"https://github.com/fbranda/influnet/blob/main/flu-season/2024-2025/influnet_report/influnet-vir/influnet-vir-2024-2025_10.pdf","2024-2025","RSV",">65",176
"https://github.com/fbranda/influnet/blob/main/flu-season/2024-2025/influnet_report/influnet-vir/influnet-vir-2024-2025_10.pdf","2024-2025","Rhinovirus","<2",395
"https://github.com/fbranda/influnet/blob/main/flu-season/2024-2025/influnet_report/influnet-vir/influnet-vir-2024-2025_10.pdf","2024-2025","Rhinovirus","2_4",208
"https://github.com/fbranda/influnet/blob/main/flu-season/2024-2025/influnet_report/influnet-vir/influnet-vir-2024-2025_10.pdf","2024-2025","Rhinovirus","5_14",271
"https://github.com/fbranda/influnet/blob/main/flu-season/2024-2025/influnet_report/influnet-vir/influnet-vir-2024-2025_10.pdf","2024-2025","Rhinovirus","15_44",237
"https://github.com/fbranda/influnet/blob/main/flu-season/2024-2025/influnet_report/influnet-vir/influnet-vir-2024-2025_10.pdf","2024-2025","Rhinovirus","45_64",262
"https://github.com/fbranda/influnet/blob/main/flu-season/2024-2025/influnet_report/influnet-vir/influnet-vir-2024-2025_10.pdf","2024-2025","Rhinovirus",">65",481
"https://github.com/fbranda/influnet/blob/main/flu-season/2024-2025/influnet_report/influnet-vir/influnet-vir-2024-2025_10.pdf","2024-2025","SARS-CoV-2","<2",45
"https://github.com/fbranda/influnet/blob/main/flu-season/2024-2025/influnet_report/influnet-vir/influnet-vir-2024-2025_10.pdf","2024-2025","SARS-CoV-2","2_4",0
"https://github.com/fbranda/influnet/blob/main/flu-season/2024-2025/influnet_report/influnet-vir/influnet-vir-2024-2025_10.pdf","2024-2025","SARS-CoV-2","5_14",16
"https://github.com/fbranda/influnet/blob/main/flu-season/2024-2025/influnet_report/influnet-vir/influnet-vir-2024-2025_10.pdf","2024-2025","SARS-CoV-2","15_44",65
"https://github.com/fbranda/influnet/blob/main/flu-season/2024-2025/influnet_report/influnet-vir/influnet-vir-2024-2025_10.pdf","2024-2025","SARS-CoV-2","45_64",138
"https://github.com/fbranda/influnet/blob/main/flu-season/2024-2025/influnet_report/influnet-vir/influnet-vir-2024-2025_10.pdf","2024-2025","SARS-CoV-2",">65",400
"https://github.com/fbranda/influnet/blob/main/flu-season/2024-2025/influnet_report/influnet-vir/influnet-vir-2024-2025_10.pdf","2024-2025","Altro","<2",327
"https://github.com/fbranda/influnet/blob/main/flu-season/2024-2025/influnet_report/influnet-vir/influnet-vir-2024-2025_10.pdf","2024-2025","Altro","2_4",201
"https://github.com/fbranda/influnet/blob/main/flu-season/2024-2025/influnet_report/influnet-vir/influnet-vir-2024-2025_10.pdf","2024-2025","Altro","5_14",196
"https://github.com/fbranda/influnet/blob/main/flu-season/2024-2025/influnet_report/influnet-vir/influnet-vir-2024-2025_10.pdf","2024-2025","Altro","15_44",126
"https://github.com/fbranda/influnet/blob/main/flu-season/2024-2025/influnet_report/influnet-vir/influnet-vir-2024-2025_10.pdf","2024-2025","Altro","45_64",129
"https://github.com/fbranda/influnet/blob/main/flu-season/2024-2025/influnet_report/influnet-vir/influnet-vir-2024-2025_10.pdf","2024-2025","Altro",">65",269
"https://github.com/fbranda/influnet/blob/main/flu-season/2024-2025/influnet_report/influnet-vir/influnet-vir-2024-2025_10.pdf","2024-2025","Coinfezione","<2",436
"https://github.com/fbranda/influnet/blob/main/flu-season/2024-2025/influnet_report/influnet-vir/influnet-vir-2024-2025_10.pdf","2024-2025","Coinfezione","2_4",223
"https://github.com/fbranda/influnet/blob/main/flu-season/2024-2025/influnet_report/influnet-vir/influnet-vir-2024-2025_10.pdf","2024-2025","Coinfezione","5_14",113
"https://github.com/fbranda/influnet/blob/main/flu-season/2024-2025/influnet_report/influnet-vir/influnet-vir-2024-2025_10.pdf","2024-2025","Coinfezione","15_44",59
"https://github.com/fbranda/influnet/blob/main/flu-season/2024-2025/influnet_report/influnet-vir/influnet-vir-2024-2025_10.pdf","2024-2025","Coinfezione","45_64",63
"https://github.com/fbranda/influnet/blob/main/flu-season/2024-2025/influnet_report/influnet-vir/influnet-vir-2024-2025_10.pdf","2024-2025","Coinfezione",">65",106
"https://github.com/fbranda/influnet/blob/main/flu-season/2024-2025/influnet_report/influnet-vir/influnet-vir-2024-2025_11.pdf","2024-2025","Influenza","<2",293
"https://github.com/fbranda/influnet/blob/main/flu-season/2024-2025/influnet_report/influnet-vir/influnet-vir-2024-2025_11.pdf","2024-2025","Influenza","2_4",357
"https://github.com/fbranda/influnet/blob/main/flu-season/2024-2025/influnet_report/influnet-vir/influnet-vir-2024-2025_11.pdf","2024-2025","Influenza","5_14",586
"https://github.com/fbranda/influnet/blob/main/flu-season/2024-2025/influnet_report/influnet-vir/influnet-vir-2024-2025_11.pdf","2024-2025","Influenza","15_44",464
"https://github.com/fbranda/influnet/blob/main/flu-season/2024-2025/influnet_report/influnet-vir/influnet-vir-2024-2025_11.pdf","2024-2025","Influenza","45_64",518
"https://github.com/fbranda/influnet/blob/main/flu-season/2024-2025/influnet_report/influnet-vir/influnet-vir-2024-2025_11.pdf","2024-2025","Influenza",">65",934
"https://github.com/fbranda/influnet/blob/main/flu-season/2024-2025/influnet_report/influnet-vir/influnet-vir-2024-2025_11.pdf","2024-2025","RSV","<2",448
"https://github.com/fbranda/influnet/blob/main/flu-season/2024-2025/influnet_report/influnet-vir/influnet-vir-2024-2025_11.pdf","2024-2025","RSV","2_4",216
"https://github.com/fbranda/influnet/blob/main/flu-season/2024-2025/influnet_report/influnet-vir/influnet-vir-2024-2025_11.pdf","2024-2025","RSV","5_14",64
"https://github.com/fbranda/influnet/blob/main/flu-season/2024-2025/influnet_report/influnet-vir/influnet-vir-2024-2025_11.pdf","2024-2025","RSV","15_44",41
"https://github.com/fbranda/influnet/blob/main/flu-season/2024-2025/influnet_report/influnet-vir/influnet-vir-2024-2025_11.pdf","2024-2025","RSV","45_64",59
"https://github.com/fbranda/influnet/blob/main/flu-season/2024-2025/influnet_report/influnet-vir/influnet-vir-2024-2025_11.pdf","2024-2025","RSV",">65",177
"https://github.com/fbranda/influnet/blob/main/flu-season/2024-2025/influnet_report/influnet-vir/influnet-vir-2024-2025_11.pdf","2024-2025","Rhinovirus","<2",398
"https://github.com/fbranda/influnet/blob/main/flu-season/2024-2025/influnet_report/influnet-vir/influnet-vir-2024-2025_11.pdf","2024-2025","Rhinovirus","2_4",209
"https://github.com/fbranda/influnet/blob/main/flu-season/2024-2025/influnet_report/influnet-vir/influnet-vir-2024-2025_11.pdf","2024-2025","Rhinovirus","5_14",273
"https://github.com/fbranda/influnet/blob/main/flu-season/2024-2025/influnet_report/influnet-vir/influnet-vir-2024-2025_11.pdf","2024-2025","Rhinovirus","15_44",239
"https://github.com/fbranda/influnet/blob/main/flu-season/2024-2025/influnet_report/influnet-vir/influnet-vir-2024-2025_11.pdf","2024-2025","Rhinovirus","45_64",261
"https://github.com/fbranda/influnet/blob/main/flu-season/2024-2025/influnet_report/influnet-vir/influnet-vir-2024-2025_11.pdf","2024-2025","Rhinovirus",">65",482
"https://github.com/fbranda/influnet/blob/main/flu-season/2024-2025/influnet_report/influnet-vir/influnet-vir-2024-2025_11.pdf","2024-2025","SARS-CoV-2","<2",48
"https://github.com/fbranda/influnet/blob/main/flu-season/2024-2025/influnet_report/influnet-vir/influnet-vir-2024-2025_11.pdf","2024-2025","SARS-CoV-2","2_4",0
"https://github.com/fbranda/influnet/blob/main/flu-season/2024-2025/influnet_report/influnet-vir/influnet-vir-2024-2025_11.pdf","2024-2025","SARS-CoV-2","5_14",16
"https://github.com/fbranda/influnet/blob/main/flu-season/2024-2025/influnet_report/influnet-vir/influnet-vir-2024-2025_11.pdf","2024-2025","SARS-CoV-2","15_44",66
"https://github.com/fbranda/influnet/blob/main/flu-season/2024-2025/influnet_report/influnet-vir/influnet-vir-2024-2025_11.pdf","2024-2025","SARS-CoV-2","45_64",139
"https://github.com/fbranda/influnet/blob/main/flu-season/2024-2025/influnet_report/influnet-vir/influnet-vir-2024-2025_11.pdf","2024-2025","SARS-CoV-2",">65",405
"https://github.com/fbranda/influnet/blob/main/flu-season/2024-2025/influnet_report/influnet-vir/influnet-vir-2024-2025_11.pdf","2024-2025","Altro","<2",330
"https://github.com/fbranda/influnet/blob/main/flu-season/2024-2025/influnet_report/influnet-vir/influnet-vir-2024-2025_11.pdf","2024-2025","Altro","2_4",202
"https://github.com/fbranda/influnet/blob/main/flu-season/2024-2025/influnet_report/influnet-vir/influnet-vir-2024-2025_11.pdf","2024-2025","Altro","5_14",198
"https://github.com/fbranda/influnet/blob/main/flu-season/2024-2025/influnet_report/influnet-vir/influnet-vir-2024-2025_11.pdf","2024-2025","Altro","15_44",127
"https://github.com/fbranda/influnet/blob/main/flu-season/2024-2025/influnet_report/influnet-vir/influnet-vir-2024-2025_11.pdf","2024-2025","Altro","45_64",130
"https://github.com/fbranda/influnet/blob/main/flu-season/2024-2025/influnet_report/influnet-vir/influnet-vir-2024-2025_11.pdf","2024-2025","Altro",">65",270
"https://github.com/fbranda/influnet/blob/main/flu-season/2024-2025/influnet_report/influnet-vir/influnet-vir-2024-2025_11.pdf","2024-2025","Coinfezione","<2",436
"https://github.com/fbranda/influnet/blob/main/flu-season/2024-2025/influnet_report/influnet-vir/influnet-vir-2024-2025_11.pdf","2024-2025","Coinfezione","2_4",223
"https://github.com/fbranda/influnet/blob/main/flu-season/2024-2025/influnet_report/influnet-vir/influnet-vir-2024-2025_11.pdf","2024-2025","Coinfezione","5_14",114
"https://github.com/fbranda/influnet/blob/main/flu-season/2024-2025/influnet_report/influnet-vir/influnet-vir-2024-2025_11.pdf","2024-2025","Coinfezione","15_44",59
"https://github.com/fbranda/influnet/blob/main/flu-season/2024-2025/influnet_report/influnet-vir/influnet-vir-2024-2025_11.pdf","2024-2025","Coinfezione","45_64",64
"https://github.com/fbranda/influnet/blob/main/flu-season/2024-2025/influnet_report/influnet-vir/influnet-vir-2024-2025_11.pdf","2024-2025","Coinfezione",">65",105
"https://github.com/fbranda/influnet/blob/main/flu-season/2024-2025/influnet_report/influnet-vir/influnet-vir-2024-2025_12.pdf","2024-2025","Influenza","<2",540
"https://github.com/fbranda/influnet/blob/main/flu-season/2024-2025/influnet_report/influnet-vir/influnet-vir-2024-2025_12.pdf","2024-2025","Influenza","2_4",708
"https://github.com/fbranda/influnet/blob/main/flu-season/2024-2025/influnet_report/influnet-vir/influnet-vir-2024-2025_12.pdf","2024-2025","Influenza","5_14",1304
"https://github.com/fbranda/influnet/blob/main/flu-season/2024-2025/influnet_report/influnet-vir/influnet-vir-2024-2025_12.pdf","2024-2025","Influenza","15_44",848
"https://github.com/fbranda/influnet/blob/main/flu-season/2024-2025/influnet_report/influnet-vir/influnet-vir-2024-2025_12.pdf","2024-2025","Influenza","45_64",948
"https://github.com/fbranda/influnet/blob/main/flu-season/2024-2025/influnet_report/influnet-vir/influnet-vir-2024-2025_12.pdf","2024-2025","Influenza",">65",1692
"https://github.com/fbranda/influnet/blob/main/flu-season/2024-2025/influnet_report/influnet-vir/influnet-vir-2024-2025_12.pdf","2024-2025","RSV","<2",656
"https://github.com/fbranda/influnet/blob/main/flu-season/2024-2025/influnet_report/influnet-vir/influnet-vir-2024-2025_12.pdf","2024-2025","RSV","2_4",408
"https://github.com/fbranda/influnet/blob/main/flu-season/2024-2025/influnet_report/influnet-vir/influnet-vir-2024-2025_12.pdf","2024-2025","RSV","5_14",116
"https://github.com/fbranda/influnet/blob/main/flu-season/2024-2025/influnet_report/influnet-vir/influnet-vir-2024-2025_12.pdf","2024-2025","RSV","15_44",56
"https://github.com/fbranda/influnet/blob/main/flu-season/2024-2025/influnet_report/influnet-vir/influnet-vir-2024-2025_12.pdf","2024-2025","RSV","45_64",100
"https://github.com/fbranda/influnet/blob/main/flu-season/2024-2025/influnet_report/influnet-vir/influnet-vir-2024-2025_12.pdf","2024-2025","RSV",">65",284
"https://github.com/fbranda/influnet/blob/main/flu-season/2024-2025/influnet_report/influnet-vir/influnet-vir-2024-2025_12.pdf","2024-2025","Rhinovirus","<2",460
"https://github.com/fbranda/influnet/blob/main/flu-season/2024-2025/influnet_report/influnet-vir/influnet-vir-2024-2025_12.pdf","2024-2025","Rhinovirus","2_4",244
"https://github.com/fbranda/influnet/blob/main/flu-season/2024-2025/influnet_report/influnet-vir/influnet-vir-2024-2025_12.pdf","2024-2025","Rhinovirus","5_14",316
"https://github.com/fbranda/influnet/blob/main/flu-season/2024-2025/influnet_report/influnet-vir/influnet-vir-2024-2025_12.pdf","2024-2025","Rhinovirus","15_44",272
"https://github.com/fbranda/influnet/blob/main/flu-season/2024-2025/influnet_report/influnet-vir/influnet-vir-2024-2025_12.pdf","2024-2025","Rhinovirus","45_64",304
"https://github.com/fbranda/influnet/blob/main/flu-season/2024-2025/influnet_report/influnet-vir/influnet-vir-2024-2025_12.pdf","2024-2025","Rhinovirus",">65",556
"https://github.com/fbranda/influnet/blob/main/flu-season/2024-2025/influnet_report/influnet-vir/influnet-vir-2024-2025_12.pdf","2024-2025","SARS-CoV-2","<2",60
"https://github.com/fbranda/influnet/blob/main/flu-season/2024-2025/influnet_report/influnet-vir/influnet-vir-2024-2025_12.pdf","2024-2025","SARS-CoV-2","2_4",0
"https://github.com/fbranda/influnet/blob/main/flu-season/2024-2025/influnet_report/influnet-vir/influnet-vir-2024-2025_12.pdf","2024-2025","SARS-CoV-2","5_14",28
"https://github.com/fbranda/influnet/blob/main/flu-season/2024-2025/influnet_report/influnet-vir/influnet-vir-2024-2025_12.pdf","2024-2025","SARS-CoV-2","15_44",88
"https://github.com/fbranda/influnet/blob/main/flu-season/2024-2025/influnet_report/influnet-vir/influnet-vir-2024-2025_12.pdf","2024-2025","SARS-CoV-2","45_64",168
"https://github.com/fbranda/influnet/blob/main/flu-season/2024-2025/influnet_report/influnet-vir/influnet-vir-2024-2025_12.pdf","2024-2025","SARS-CoV-2",">65",508
"https://github.com/fbranda/influnet/blob/main/flu-season/2024-2025/influnet_report/influnet-vir/influnet-vir-2024-2025_12.pdf","2024-2025","Altro","<2",396
"https://github.com/fbranda/influnet/blob/main/flu-season/2024-2025/influnet_report/influnet-vir/influnet-vir-2024-2025_12.pdf","2024-2025","Altro","2_4",256
"https://github.com/fbranda/influnet/blob/main/flu-season/2024-2025/influnet_report/influnet-vir/influnet-vir-2024-2025_12.pdf","2024-2025","Altro","5_14",256
"https://github.com/fbranda/influnet/blob/main/flu-season/2024-2025/influnet_report/influnet-vir/influnet-vir-2024-2025_12.pdf","2024-2025","Altro","15_44",152
"https://github.com/fbranda/influnet/blob/main/flu-season/2024-2025/influnet_report/influnet-vir/influnet-vir-2024-2025_12.pdf","2024-2025","Altro","45_64",172
"https://github.com/fbranda/influnet/blob/main/flu-season/2024-2025/influnet_report/influnet-vir/influnet-vir-2024-2025_12.pdf","2024-2025","Altro",">65",364
"https://github.com/fbranda/influnet/blob/main/flu-season/2024-2025/influnet_report/influnet-vir/influnet-vir-2024-2025_12.pdf","2024-2025","Coinfezione","<2",600
"https://github.com/fbranda/influnet/blob/main/flu-season/2024-2025/influnet_report/influnet-vir/influnet-vir-2024-2025_12.pdf","2024-2025","Coinfezione","2_4",336
"https://github.com/fbranda/influnet/blob/main/flu-season/2024-2025/influnet_report/influnet-vir/influnet-vir-2024-2025_12.pdf","2024-2025","Coinfezione","5_14",176
"https://github.com/fbranda/influnet/blob/main/flu-season/2024-2025/influnet_report/influnet-vir/influnet-vir-2024-2025_12.pdf","2024-2025","Coinfezione","15_44",80
"https://github.com/fbranda/influnet/blob/main/flu-season/2024-2025/influnet_report/influnet-vir/influnet-vir-2024-2025_12.pdf","2024-2025","Coinfezione","45_64",96
"https://github.com/fbranda/influnet/blob/main/flu-season/2024-2025/influnet_report/influnet-vir/influnet-vir-2024-2025_12.pdf","2024-2025","Coinfezione",">65",164
